{
    "type": "multiclass",
    "curves": [
        {
            "class": "BERHI",
            "auc": 0.9980158730158728,
            "fpr": [
                0.0,
                0.0,
                0.0,
                0.0,
                0.005952380952380952,
                0.005952380952380952,
                0.011904761904761904,
                0.011904761904761904,
                0.023809523809523808,
                0.047619047619047616,
                0.06547619047619048,
                0.09523809523809523,
                0.15476190476190477,
                0.19047619047619047,
                0.22023809523809523,
                0.30357142857142855,
                1.0
            ],
            "tpr": [
                0.0,
                0.08333333333333333,
                0.5833333333333334,
                0.75,
                0.75,
                0.9166666666666666,
                0.9166666666666666,
                1.0,
                1.0,
                1.0,
                1.0,
                1.0,
                1.0,
                1.0,
                1.0,
                1.0,
                1.0
            ]
        },
        {
            "class": "DEGLET",
            "auc": 0.9774999999999999,
            "fpr": [
                0.0,
                0.0,
                0.0,
                0.0,
                0.0,
                0.0,
                0.0,
                0.0125,
                0.025,
                0.04375,
                0.04375,
                0.05,
                0.05625,
                0.05625,
                0.06875,
                0.075,
                0.0875,
                0.10625,
                0.11875,
                0.1375,
                0.15,
                0.15625,
                0.18125,
                0.20625,
                0.24375,
                0.25,
                0.275,
                0.29375,
                0.33125,
                0.36875,
                0.39375,
                0.45625,
                0.525,
                1.0
            ],
            "tpr": [
                0.0,
                0.05,
                0.35,
                0.45,
                0.5,
                0.6,
                0.75,
                0.75,
                0.75,
                0.75,
                0.8,
                0.8,
                0.85,
                0.9,
                0.9,
                0.9,
                0.9,
                0.9,
                0.9,
                0.9,
                0.95,
                1.0,
                1.0,
                1.0,
                1.0,
                1.0,
                1.0,
                1.0,
                1.0,
                1.0,
                1.0,
                1.0,
                1.0,
                1.0
            ]
        },
        {
            "class": "DOKOL",
            "auc": 0.999,
            "fpr": [
                0.0,
                0.0,
                0.0,
                0.0,
                0.0,
                0.0,
                0.0,
                0.0,
                0.0,
                0.0,
                0.0,
                0.015384615384615385,
                0.015384615384615385,
                0.023076923076923078,
                0.038461538461538464,
                0.06153846153846154,
                0.08461538461538462,
                0.13076923076923078,
                0.2692307692307692,
                1.0
            ],
            "tpr": [
                0.0,
                0.38,
                0.42,
                0.5,
                0.56,
                0.62,
                0.66,
                0.72,
                0.76,
                0.82,
                0.94,
                0.94,
                0.98,
                1.0,
                1.0,
                1.0,
                1.0,
                1.0,
                1.0,
                1.0
            ]
        },
        {
            "class": "IRAQI",
            "auc": 0.9947058823529411,
            "fpr": [
                0.0,
                0.0,
                0.0,
                0.0,
                0.0,
                0.0058823529411764705,
                0.0058823529411764705,
                0.011764705882352941,
                0.011764705882352941,
                0.03529411764705882,
                0.03529411764705882,
                0.052941176470588235,
                0.07647058823529412,
                0.08823529411764706,
                0.1,
                0.11176470588235295,
                0.1411764705882353,
                0.15294117647058825,
                0.19411764705882353,
                0.29411764705882354,
                1.0
            ],
            "tpr": [
                0.0,
                0.1,
                0.2,
                0.4,
                0.7,
                0.7,
                0.8,
                0.8,
                0.9,
                0.9,
                1.0,
                1.0,
                1.0,
                1.0,
                1.0,
                1.0,
                1.0,
                1.0,
                1.0,
                1.0,
                1.0
            ]
        },
        {
            "class": "ROTANA",
            "auc": 0.9997044334975369,
            "fpr": [
                0.0,
                0.0,
                0.0,
                0.0,
                0.0,
                0.0,
                0.0,
                0.0,
                0.0,
                0.0,
                0.0,
                0.006896551724137931,
                0.013793103448275862,
                0.027586206896551724,
                0.08275862068965517,
                0.0896551724137931,
                0.14482758620689656,
                0.16551724137931034,
                0.2413793103448276,
                0.3448275862068966,
                1.0
            ],
            "tpr": [
                0.0,
                0.2,
                0.2571428571428571,
                0.37142857142857144,
                0.45714285714285713,
                0.5142857142857142,
                0.6285714285714286,
                0.6857142857142857,
                0.7714285714285715,
                0.9142857142857143,
                0.9714285714285714,
                0.9714285714285714,
                1.0,
                1.0,
                1.0,
                1.0,
                1.0,
                1.0,
                1.0,
                1.0,
                1.0
            ]
        },
        {
            "class": "SAFAVI",
            "auc": 1.0,
            "fpr": [
                0.0,
                0.0,
                0.0,
                0.0,
                0.0,
                0.0,
                0.0,
                0.034013605442176874,
                0.07482993197278912,
                0.17687074829931973,
                1.0
            ],
            "tpr": [
                0.0,
                0.42424242424242425,
                0.6666666666666666,
                0.7272727272727273,
                0.8181818181818182,
                0.8787878787878788,
                1.0,
                1.0,
                1.0,
                1.0,
                1.0
            ]
        },
        {
            "class": "SOGAY",
            "auc": 0.99125,